"No.","Time","Source","Destination","Length","Info","Value"
"906","169.923770","(Galaxy Note10+)","(LEGO Mario_g_g)","17","Sent Write Command, Handle: 0x0012","0500030201"
"907","169.974066","(Galaxy Note10+)","(LEGO Mario_g_g)","17","Sent Write Command, Handle: 0x0012","0500030203"
"909","170.009524","(LEGO Mario_g_g)","(Galaxy Note10+)","18","Rcvd Handle Value Notification, Handle: 0x0012","060003020400"
"910","170.024751","(LEGO Mario_g_g)","(Galaxy Note10+)","27","Rcvd Handle Value Notification, Handle: 0x0012","0f0004000147000000035301000000"
"911","170.027736","(Galaxy Note10+)","(LEGO Mario_g_g)","17","Sent Write Command, Handle: 0x0012","0500030401"
"912","170.039780","(LEGO Mario_g_g)","(Galaxy Note10+)","27","Rcvd Handle Value Notification, Handle: 0x0012","0f0004010149000000035301000000"
"913","170.047312","(LEGO Mario_g_g)","(Galaxy Note10+)","27","Rcvd Handle Value Notification, Handle: 0x0012","0f000402014a000000035301000000"
"914","170.062865","(LEGO Mario_g_g)","(Galaxy Note10+)","27","Rcvd Handle Value Notification, Handle: 0x0012","0f0004030146000000035301000000"
"915","170.075852","(Galaxy Note10+)","(LEGO Mario_g_g)","17","Sent Write Command, Handle: 0x0012","0500030403"
"916","170.077092","(LEGO Mario_g_g)","(Galaxy Note10+)","27","Rcvd Handle Value Notification, Handle: 0x0012","0f0004060114000100000000000353"
"918","170.085867","(LEGO Mario_g_g)","(Galaxy Note10+)","27","Rcvd Handle Value Notification, Handle: 0x0012","0f0004040155000100000000000353"
"919","170.099716","(LEGO Mario_g_g)","(Galaxy Note10+)","18","Rcvd Handle Value Notification, Handle: 0x0012","060003040400"
"920","170.127570","(Galaxy Note10+)","(LEGO Mario_g_g)","17","Sent Write Command, Handle: 0x0012","0500030101"
"921","170.176511","(Galaxy Note10+)","(LEGO Mario_g_g)","17","Sent Write Command, Handle: 0x0012","0500030103"
"923","170.190457","(LEGO Mario_g_g)","(Galaxy Note10+)","18","Rcvd Handle Value Notification, Handle: 0x0012","060003010400"
"924","170.228128","(Galaxy Note10+)","(LEGO Mario_g_g)","17","Sent Write Command, Handle: 0x0012","0500030301"
"925","170.278569","(Galaxy Note10+)","(LEGO Mario_g_g)","17","Sent Write Command, Handle: 0x0012","0500030303"
"927","170.295044","(LEGO Mario_g_g)","(Galaxy Note10+)","18","Rcvd Handle Value Notification, Handle: 0x0012","060003030400"
"928","170.328927","(Galaxy Note10+)","(LEGO Mario_g_g)","17","Sent Write Command, Handle: 0x0012","0500010405"
"929","170.340118","(LEGO Mario_g_g)","(Galaxy Note10+)","21","Rcvd Handle Value Notification, Handle: 0x0012","090001040600000004"
"930","170.377818","(Galaxy Note10+)","(LEGO Mario_g_g)","17","Sent Write Command, Handle: 0x0012","0500010305"
"932","170.392584","(LEGO Mario_g_g)","(Galaxy Note10+)","21","Rcvd Handle Value Notification, Handle: 0x0012","090001030600000353"
"933","170.428884","(Galaxy Note10+)","(LEGO Mario_g_g)","17","Sent Write Command, Handle: 0x0012","0500010905"
"934","170.445341","(LEGO Mario_g_g)","(Galaxy Note10+)","23","Rcvd Handle Value Notification, Handle: 0x0012","0b00010906312e322e3000"
"935","170.480130","(Galaxy Note10+)","(LEGO Mario_g_g)","17","Sent Write Command, Handle: 0x0012","0500010805"
"937","170.498713","(LEGO Mario_g_g)","(Galaxy Note10+)","32","Rcvd Handle Value Notification, Handle: 0x0012","14000108064c45474f2053797374656d20412f53"
"938","170.530241","(Galaxy Note10+)","(LEGO Mario_g_g)","17","Sent Write Command, Handle: 0x0012","0500010705"
"939","170.542187","(LEGO Mario_g_g)","(Galaxy Note10+)","18","Rcvd Handle Value Notification, Handle: 0x0012","060001070601"
"940","170.581655","(Galaxy Note10+)","(LEGO Mario_g_g)","17","Sent Write Command, Handle: 0x0012","0500010a05"
"942","170.594570","(LEGO Mario_g_g)","(Galaxy Note10+)","19","Rcvd Handle Value Notification, Handle: 0x0012","0700010a060003"
"943","170.630713","(Galaxy Note10+)","(LEGO Mario_g_g)","17","Sent Write Command, Handle: 0x0012","0500010d05"
"944","170.647074","(LEGO Mario_g_g)","(Galaxy Note10+)","23","Rcvd Handle Value Notification, Handle: 0x0012","0b00010d06249f89fb57b1"
"945","170.679978","(Galaxy Note10+)","(LEGO Mario_g_g)","17","Sent Write Command, Handle: 0x0012","0500010202"
"947","170.692963","(LEGO Mario_g_g)","(Galaxy Note10+)","18","Rcvd Handle Value Notification, Handle: 0x0012","060001020600"
"948","170.732865","(Galaxy Note10+)","(LEGO Mario_g_g)","17","Sent Write Command, Handle: 0x0012","0500010205"
"949","170.745118","(LEGO Mario_g_g)","(Galaxy Note10+)","18","Rcvd Handle Value Notification, Handle: 0x0012","060001020600"
"950","170.782108","(Galaxy Note10+)","(LEGO Mario_g_g)","17","Sent Write Command, Handle: 0x0012","0500010502"
"952","170.797788","(LEGO Mario_g_g)","(Galaxy Note10+)","18","Rcvd Handle Value Notification, Handle: 0x0012","060001050600"
"953","170.836187","(Galaxy Note10+)","(LEGO Mario_g_g)","17","Sent Write Command, Handle: 0x0012","0500010505"
"954","170.850016","(LEGO Mario_g_g)","(Galaxy Note10+)","18","Rcvd Handle Value Notification, Handle: 0x0012","060001050600"
"955","170.881586","(Galaxy Note10+)","(LEGO Mario_g_g)","17","Sent Write Command, Handle: 0x0012","0500010602"
"957","170.895215","(LEGO Mario_g_g)","(Galaxy Note10+)","18","Rcvd Handle Value Notification, Handle: 0x0012","06000106063b"
"958","170.931850","(Galaxy Note10+)","(LEGO Mario_g_g)","17","Sent Write Command, Handle: 0x0012","0500010605"
"959","170.947635","(LEGO Mario_g_g)","(Galaxy Note10+)","18","Rcvd Handle Value Notification, Handle: 0x0012","06000106063b"
"960","170.981294","(Galaxy Note10+)","(LEGO Mario_g_g)","17","Sent Write Command, Handle: 0x0012","0500010102"
"962","170.993668","(LEGO Mario_g_g)","(Galaxy Note10+)","31","Rcvd Handle Value Notification, Handle: 0x0012","13000101064c45474f204d6172696f5f675f67"
"963","171.032569","(Galaxy Note10+)","(LEGO Mario_g_g)","17","Sent Write Command, Handle: 0x0012","0500010105"
"964","171.045966","(LEGO Mario_g_g)","(Galaxy Note10+)","31","Rcvd Handle Value Notification, Handle: 0x0012","13000101064c45474f204d6172696f5f675f67"
"965","171.083110","(Galaxy Note10+)","(LEGO Mario_g_g)","17","Sent Write Command, Handle: 0x0012","0500210001"
"967","171.097601","(LEGO Mario_g_g)","(Galaxy Note10+)","23","Rcvd Handle Value Notification, Handle: 0x0012","0b00430001060203000000"
"968","171.133541","(Galaxy Note10+)","(LEGO Mario_g_g)","17","Sent Write Command, Handle: 0x0012","0500210101"
"969","171.150158","(LEGO Mario_g_g)","(Galaxy Note10+)","23","Rcvd Handle Value Notification, Handle: 0x0012","0b00430101060203000000"
"970","171.183593","(Galaxy Note10+)","(LEGO Mario_g_g)","17","Sent Write Command, Handle: 0x0012","0500210201"
"972","171.194766","(LEGO Mario_g_g)","(Galaxy Note10+)","23","Rcvd Handle Value Notification, Handle: 0x0012","0b00430201020101000000"
"973","171.235286","(Galaxy Note10+)","(LEGO Mario_g_g)","17","Sent Write Command, Handle: 0x0012","0500210301"
"974","171.247801","(LEGO Mario_g_g)","(Galaxy Note10+)","23","Rcvd Handle Value Notification, Handle: 0x0012","0b0043030102040f000000"
"975","171.285359","(Galaxy Note10+)","(LEGO Mario_g_g)","17","Sent Write Command, Handle: 0x0012","0500210601"
"977","171.299854","(LEGO Mario_g_g)","(Galaxy Note10+)","23","Rcvd Handle Value Notification, Handle: 0x0012","0b00430601020203000000"
"978","171.334607","(Galaxy Note10+)","(LEGO Mario_g_g)","17","Sent Write Command, Handle: 0x0012","0500210401"
"979","171.344765","(LEGO Mario_g_g)","(Galaxy Note10+)","23","Rcvd Handle Value Notification, Handle: 0x0012","0b00430401030101000100"
"980","171.385254","(Galaxy Note10+)","(LEGO Mario_g_g)","17","Sent Write Command, Handle: 0x0012","0500210002"
"982","171.398130","(LEGO Mario_g_g)","(Galaxy Note10+)","19","Rcvd Handle Value Notification, Handle: 0x0012","07004300020300"
"983","171.434389","(Galaxy Note10+)","(LEGO Mario_g_g)","18","Sent Write Command, Handle: 0x0012","060022000000"
"984","171.450999","(LEGO Mario_g_g)","(Galaxy Note10+)","29","Rcvd Handle Value Notification, Handle: 0x0012","1100440000005241570000000000000000"
"985","171.485335","(Galaxy Note10+)","(LEGO Mario_g_g)","18","Sent Write Command, Handle: 0x0012","060022000001"
"987","171.502782","(LEGO Mario_g_g)","(Galaxy Note10+)","26","Rcvd Handle Value Notification, Handle: 0x0012","0e0044000001000000000000c842"
"988","171.536073","(Galaxy Note10+)","(LEGO Mario_g_g)","18","Sent Write Command, Handle: 0x0012","060022000002"
"989","171.548166","(LEGO Mario_g_g)","(Galaxy Note10+)","26","Rcvd Handle Value Notification, Handle: 0x0012","0e0044000002000000000000c842"
"990","171.586180","(Galaxy Note10+)","(LEGO Mario_g_g)","18","Sent Write Command, Handle: 0x0012","060022000003"
"992","171.600121","(LEGO Mario_g_g)","(Galaxy Note10+)","26","Rcvd Handle Value Notification, Handle: 0x0012","0e0044000003000000000000c842"
"993","171.637117","(Galaxy Note10+)","(LEGO Mario_g_g)","18","Sent Write Command, Handle: 0x0012","060022000004"
"994","171.652625","(LEGO Mario_g_g)","(Galaxy Note10+)","22","Rcvd Handle Value Notification, Handle: 0x0012","0a0044000004636e7400"
"995","171.686848","(Galaxy Note10+)","(LEGO Mario_g_g)","18","Sent Write Command, Handle: 0x0012","060022000005"
"997","171.705142","(LEGO Mario_g_g)","(Galaxy Note10+)","20","Rcvd Handle Value Notification, Handle: 0x0012","0800440000058400"
"998","171.737784","(Galaxy Note10+)","(LEGO Mario_g_g)","18","Sent Write Command, Handle: 0x0012","060022000080"
"999","171.750117","(LEGO Mario_g_g)","(Galaxy Note10+)","22","Rcvd Handle Value Notification, Handle: 0x0012","0a004400008003000300"
"1000","171.787360","(Galaxy Note10+)","(LEGO Mario_g_g)","18","Sent Write Command, Handle: 0x0012","060022000100"
"1002","171.802628","(LEGO Mario_g_g)","(Galaxy Note10+)","29","Rcvd Handle Value Notification, Handle: 0x0012","1100440001004745535400000000000000"
"1003","171.837140","(Galaxy Note10+)","(LEGO Mario_g_g)","18","Sent Write Command, Handle: 0x0012","060022000101"
"1004","171.854993","(LEGO Mario_g_g)","(Galaxy Note10+)","26","Rcvd Handle Value Notification, Handle: 0x0012","0e0044000101000000000000c842"
"1005","171.887612","(Galaxy Note10+)","(LEGO Mario_g_g)","18","Sent Write Command, Handle: 0x0012","060022000102"
"1007","171.900156","(LEGO Mario_g_g)","(Galaxy Note10+)","26","Rcvd Handle Value Notification, Handle: 0x0012","0e0044000102000000000000c842"
"1008","171.938552","(Galaxy Note10+)","(LEGO Mario_g_g)","18","Sent Write Command, Handle: 0x0012","060022000103"
"1009","171.952454","(LEGO Mario_g_g)","(Galaxy Note10+)","26","Rcvd Handle Value Notification, Handle: 0x0012","0e0044000103000000000000c842"
"1010","171.990082","(Galaxy Note10+)","(LEGO Mario_g_g)","18","Sent Write Command, Handle: 0x0012","060022000104"
"1012","172.005524","(LEGO Mario_g_g)","(Galaxy Note10+)","22","Rcvd Handle Value Notification, Handle: 0x0012","0a0044000104636e7400"
"1013","172.040260","(Galaxy Note10+)","(LEGO Mario_g_g)","18","Sent Write Command, Handle: 0x0012","060022000105"
"1014","172.057623","(LEGO Mario_g_g)","(Galaxy Note10+)","20","Rcvd Handle Value Notification, Handle: 0x0012","0800440001058400"
"1015","172.089704","(Galaxy Note10+)","(LEGO Mario_g_g)","18","Sent Write Command, Handle: 0x0012","060022000180"
"1017","172.102980","(LEGO Mario_g_g)","(Galaxy Note10+)","22","Rcvd Handle Value Notification, Handle: 0x0012","0a004400018002010300"
"1018","172.140453","(Galaxy Note10+)","(LEGO Mario_g_g)","17","Sent Write Command, Handle: 0x0012","0500210102"
"1019","172.157193","(LEGO Mario_g_g)","(Galaxy Note10+)","19","Rcvd Handle Value Notification, Handle: 0x0012","07004301020300"
"1020","172.189705","(Galaxy Note10+)","(LEGO Mario_g_g)","18","Sent Write Command, Handle: 0x0012","060022010000"
"1022","172.209007","(LEGO Mario_g_g)","(Galaxy Note10+)","29","Rcvd Handle Value Notification, Handle: 0x0012","1100440100005441470000000000000000"
"1023","172.239697","(Galaxy Note10+)","(LEGO Mario_g_g)","18","Sent Write Command, Handle: 0x0012","060022010001"
"1024","172.252648","(LEGO Mario_g_g)","(Galaxy Note10+)","26","Rcvd Handle Value Notification, Handle: 0x0012","0e00440100010000000000002041"
"1025","172.289646","(Galaxy Note10+)","(LEGO Mario_g_g)","18","Sent Write Command, Handle: 0x0012","060022010002"
"1027","172.306145","(LEGO Mario_g_g)","(Galaxy Note10+)","26","Rcvd Handle Value Notification, Handle: 0x0012","0e0044010002000000000000c842"
"1028","172.341552","(Galaxy Note10+)","(LEGO Mario_g_g)","18","Sent Write Command, Handle: 0x0012","060022010003"
"1029","172.357748","(LEGO Mario_g_g)","(Galaxy Note10+)","26","Rcvd Handle Value Notification, Handle: 0x0012","0e00440100030000000000002041"
"1030","172.390041","(Galaxy Note10+)","(LEGO Mario_g_g)","18","Sent Write Command, Handle: 0x0012","060022010004"
"1032","172.402624","(LEGO Mario_g_g)","(Galaxy Note10+)","22","Rcvd Handle Value Notification, Handle: 0x0012","0a004401000469647800"
"1033","172.440231","(Galaxy Note10+)","(LEGO Mario_g_g)","18","Sent Write Command, Handle: 0x0012","060022010005"
"1034","172.454844","(LEGO Mario_g_g)","(Galaxy Note10+)","20","Rcvd Handle Value Notification, Handle: 0x0012","0800440100058400"
"1035","172.494143","(Galaxy Note10+)","(LEGO Mario_g_g)","18","Sent Write Command, Handle: 0x0012","060022010080"
"1037","172.507434","(LEGO Mario_g_g)","(Galaxy Note10+)","22","Rcvd Handle Value Notification, Handle: 0x0012","0a004401008002010300"
"1038","172.545672","(Galaxy Note10+)","(LEGO Mario_g_g)","18","Sent Write Command, Handle: 0x0012","060022010100"
"1039","172.560292","(LEGO Mario_g_g)","(Galaxy Note10+)","29","Rcvd Handle Value Notification, Handle: 0x0012","1100440101005247420000000000000000"
"1040","172.590839","(Galaxy Note10+)","(LEGO Mario_g_g)","18","Sent Write Command, Handle: 0x0012","060022010101"
"1042","172.604716","(LEGO Mario_g_g)","(Galaxy Note10+)","26","Rcvd Handle Value Notification, Handle: 0x0012","0e00440101010000000000002041"
"1043","172.640774","(Galaxy Note10+)","(LEGO Mario_g_g)","18","Sent Write Command, Handle: 0x0012","060022010102"
"1044","172.658020","(LEGO Mario_g_g)","(Galaxy Note10+)","26","Rcvd Handle Value Notification, Handle: 0x0012","0e0044010102000000000000c842"
"1045","172.691011","(Galaxy Note10+)","(LEGO Mario_g_g)","18","Sent Write Command, Handle: 0x0012","060022010103"
"1047","172.702599","(LEGO Mario_g_g)","(Galaxy Note10+)","26","Rcvd Handle Value Notification, Handle: 0x0012","0e00440101030000000000002041"
"1048","172.742046","(Galaxy Note10+)","(LEGO Mario_g_g)","18","Sent Write Command, Handle: 0x0012","060022010104"
"1049","172.755378","(LEGO Mario_g_g)","(Galaxy Note10+)","22","Rcvd Handle Value Notification, Handle: 0x0012","0a004401010472617700"
"1050","172.791351","(Galaxy Note10+)","(LEGO Mario_g_g)","18","Sent Write Command, Handle: 0x0012","060022010105"
"1052","172.807665","(LEGO Mario_g_g)","(Galaxy Note10+)","20","Rcvd Handle Value Notification, Handle: 0x0012","0800440101058400"
"1053","172.845201","(Galaxy Note10+)","(LEGO Mario_g_g)","18","Sent Write Command, Handle: 0x0012","060022010180"
"1054","172.861383","(LEGO Mario_g_g)","(Galaxy Note10+)","22","Rcvd Handle Value Notification, Handle: 0x0012","0a004401018003000300"
"1055","172.890834","(Galaxy Note10+)","(LEGO Mario_g_g)","18","Sent Write Command, Handle: 0x0012","060022020000"
"1057","172.906535","(LEGO Mario_g_g)","(Galaxy Note10+)","29","Rcvd Handle Value Notification, Handle: 0x0012","11004402000050414e5400000000000000"
"1058","172.944002","(Galaxy Note10+)","(LEGO Mario_g_g)","18","Sent Write Command, Handle: 0x0012","060022020001"
"1059","172.965194","(LEGO Mario_g_g)","(Galaxy Note10+)","26","Rcvd Handle Value Notification, Handle: 0x0012","0e00440200010000000000007c42"
"1060","172.991892","(Galaxy Note10+)","(LEGO Mario_g_g)","18","Sent Write Command, Handle: 0x0012","060022020002"
"1062","173.010331","(LEGO Mario_g_g)","(Galaxy Note10+)","26","Rcvd Handle Value Notification, Handle: 0x0012","0e0044020002000000000000c842"
"1063","173.042203","(Galaxy Note10+)","(LEGO Mario_g_g)","18","Sent Write Command, Handle: 0x0012","060022020003"
"1064","173.055609","(LEGO Mario_g_g)","(Galaxy Note10+)","26","Rcvd Handle Value Notification, Handle: 0x0012","0e00440200030000000000007c42"
"1065","173.092963","(Galaxy Note10+)","(LEGO Mario_g_g)","18","Sent Write Command, Handle: 0x0012","060022020004"
"1067","173.107428","(LEGO Mario_g_g)","(Galaxy Note10+)","22","Rcvd Handle Value Notification, Handle: 0x0012","0a004402000469647800"
"1068","173.144060","(Galaxy Note10+)","(LEGO Mario_g_g)","18","Sent Write Command, Handle: 0x0012","060022020005"
"1069","173.159736","(LEGO Mario_g_g)","(Galaxy Note10+)","20","Rcvd Handle Value Notification, Handle: 0x0012","0800440200058400"
"1070","173.193716","(Galaxy Note10+)","(LEGO Mario_g_g)","18","Sent Write Command, Handle: 0x0012","060022020080"
"1072","173.204802","(LEGO Mario_g_g)","(Galaxy Note10+)","22","Rcvd Handle Value Notification, Handle: 0x0012","0a004402008001000300"
"1073","173.244130","(Galaxy Note10+)","(LEGO Mario_g_g)","18","Sent Write Command, Handle: 0x0012","060022030000"
"1074","173.258179","(LEGO Mario_g_g)","(Galaxy Note10+)","29","Rcvd Handle Value Notification, Handle: 0x0012","1100440300004348414c00000000000000"
"1075","173.294305","(Galaxy Note10+)","(LEGO Mario_g_g)","18","Sent Write Command, Handle: 0x0012","060022030001"
"1077","173.310460","(LEGO Mario_g_g)","(Galaxy Note10+)","26","Rcvd Handle Value Notification, Handle: 0x0012","0e00440300010000000000ff7f47"
"1078","173.343658","(Galaxy Note10+)","(LEGO Mario_g_g)","18","Sent Write Command, Handle: 0x0012","060022030002"
"1079","173.356322","(LEGO Mario_g_g)","(Galaxy Note10+)","26","Rcvd Handle Value Notification, Handle: 0x0012","0e0044030002000000000000c842"
"1080","173.394624","(Galaxy Note10+)","(LEGO Mario_g_g)","18","Sent Write Command, Handle: 0x0012","060022030003"
"1082","173.408122","(LEGO Mario_g_g)","(Galaxy Note10+)","26","Rcvd Handle Value Notification, Handle: 0x0012","0e00440300030000000000ff7f47"
"1083","173.445970","(Galaxy Note10+)","(LEGO Mario_g_g)","18","Sent Write Command, Handle: 0x0012","060022030004"
"1084","173.460513","(LEGO Mario_g_g)","(Galaxy Note10+)","22","Rcvd Handle Value Notification, Handle: 0x0012","0a00440300046e610000"
"1085","173.495528","(Galaxy Note10+)","(LEGO Mario_g_g)","18","Sent Write Command, Handle: 0x0012","060022030005"
"1087","173.512727","(LEGO Mario_g_g)","(Galaxy Note10+)","20","Rcvd Handle Value Notification, Handle: 0x0012","0800440300058400"
"1088","173.547993","(Galaxy Note10+)","(LEGO Mario_g_g)","18","Sent Write Command, Handle: 0x0012","060022030080"
"1089","173.565303","(LEGO Mario_g_g)","(Galaxy Note10+)","22","Rcvd Handle Value Notification, Handle: 0x0012","0a004403008002010300"
"1090","173.596516","(Galaxy Note10+)","(LEGO Mario_g_g)","18","Sent Write Command, Handle: 0x0012","060022030100"
"1092","173.611010","(LEGO Mario_g_g)","(Galaxy Note10+)","29","Rcvd Handle Value Notification, Handle: 0x0012","1100440301005645525300000000000000"
"1093","173.650016","(Galaxy Note10+)","(LEGO Mario_g_g)","18","Sent Write Command, Handle: 0x0012","060022030101"
"1094","173.663062","(LEGO Mario_g_g)","(Galaxy Note10+)","26","Rcvd Handle Value Notification, Handle: 0x0012","0e00440301010000000000007f43"
"1095","173.696426","(Galaxy Note10+)","(LEGO Mario_g_g)","18","Sent Write Command, Handle: 0x0012","060022030102"
"1097","173.707783","(LEGO Mario_g_g)","(Galaxy Note10+)","26","Rcvd Handle Value Notification, Handle: 0x0012","0e0044030102000000000000c842"
"1098","173.747463","(Galaxy Note10+)","(LEGO Mario_g_g)","18","Sent Write Command, Handle: 0x0012","060022030103"
"1099","173.760062","(LEGO Mario_g_g)","(Galaxy Note10+)","26","Rcvd Handle Value Notification, Handle: 0x0012","0e00440301030000000000007f43"
"1100","173.799417","(Galaxy Note10+)","(LEGO Mario_g_g)","18","Sent Write Command, Handle: 0x0012","060022030104"
"1102","173.812548","(LEGO Mario_g_g)","(Galaxy Note10+)","22","Rcvd Handle Value Notification, Handle: 0x0012","0a00440301046e610000"
"1103","173.850104","(Galaxy Note10+)","(LEGO Mario_g_g)","18","Sent Write Command, Handle: 0x0012","060022030105"
"1104","173.864906","(LEGO Mario_g_g)","(Galaxy Note10+)","20","Rcvd Handle Value Notification, Handle: 0x0012","0800440301058400"
"1105","173.900120","(Galaxy Note10+)","(LEGO Mario_g_g)","18","Sent Write Command, Handle: 0x0012","060022030180"
"1107","173.917786","(LEGO Mario_g_g)","(Galaxy Note10+)","22","Rcvd Handle Value Notification, Handle: 0x0012","0a004403018004020a00"
"1108","173.949314","(Galaxy Note10+)","(LEGO Mario_g_g)","18","Sent Write Command, Handle: 0x0012","060022030200"
"1109","173.963003","(LEGO Mario_g_g)","(Galaxy Note10+)","29","Rcvd Handle Value Notification, Handle: 0x0012","1100440302004556454e54530000000000"
"1110","174.001667","(Galaxy Note10+)","(LEGO Mario_g_g)","18","Sent Write Command, Handle: 0x0012","060022030201"
"1112","174.015202","(LEGO Mario_g_g)","(Galaxy Note10+)","26","Rcvd Handle Value Notification, Handle: 0x0012","0e00440302010000000000ff7f47"
"1113","174.052371","(Galaxy Note10+)","(LEGO Mario_g_g)","18","Sent Write Command, Handle: 0x0012","060022030202"
"1114","174.067974","(LEGO Mario_g_g)","(Galaxy Note10+)","26","Rcvd Handle Value Notification, Handle: 0x0012","0e0044030202000000000000c842"
"1115","174.103890","(Galaxy Note10+)","(LEGO Mario_g_g)","18","Sent Write Command, Handle: 0x0012","060022030203"
"1117","174.120202","(LEGO Mario_g_g)","(Galaxy Note10+)","26","Rcvd Handle Value Notification, Handle: 0x0012","0e00440302030000000000ff7f47"
"1118","174.153776","(Galaxy Note10+)","(LEGO Mario_g_g)","18","Sent Write Command, Handle: 0x0012","060022030204"
"1119","174.165108","(LEGO Mario_g_g)","(Galaxy Note10+)","22","Rcvd Handle Value Notification, Handle: 0x0012","0a00440302046e610000"
"1120","174.204579","(Galaxy Note10+)","(LEGO Mario_g_g)","18","Sent Write Command, Handle: 0x0012","060022030205"
"1122","174.217744","(LEGO Mario_g_g)","(Galaxy Note10+)","20","Rcvd Handle Value Notification, Handle: 0x0012","0800440302058400"
"1123","174.256364","(Galaxy Note10+)","(LEGO Mario_g_g)","18","Sent Write Command, Handle: 0x0012","060022030280"
"1124","174.270236","(LEGO Mario_g_g)","(Galaxy Note10+)","22","Rcvd Handle Value Notification, Handle: 0x0012","0a004403028002010a00"
"1125","174.306301","(Galaxy Note10+)","(LEGO Mario_g_g)","18","Sent Write Command, Handle: 0x0012","060022030300"
"1127","174.323440","(LEGO Mario_g_g)","(Galaxy Note10+)","29","Rcvd Handle Value Notification, Handle: 0x0012","1100440303004445425547000000000000"
"1128","174.356995","(Galaxy Note10+)","(LEGO Mario_g_g)","18","Sent Write Command, Handle: 0x0012","060022030301"
"1129","174.367996","(LEGO Mario_g_g)","(Galaxy Note10+)","26","Rcvd Handle Value Notification, Handle: 0x0012","0e00440303010000000000ff7f47"
"1130","174.408107","(Galaxy Note10+)","(LEGO Mario_g_g)","18","Sent Write Command, Handle: 0x0012","060022030302"
"1132","174.420009","(LEGO Mario_g_g)","(Galaxy Note10+)","26","Rcvd Handle Value Notification, Handle: 0x0012","0e0044030302000000000000c842"
"1133","174.458096","(Galaxy Note10+)","(LEGO Mario_g_g)","18","Sent Write Command, Handle: 0x0012","060022030303"
"1134","174.472423","(LEGO Mario_g_g)","(Galaxy Note10+)","26","Rcvd Handle Value Notification, Handle: 0x0012","0e00440303030000000000ff7f47"
"1135","174.507382","(Galaxy Note10+)","(LEGO Mario_g_g)","18","Sent Write Command, Handle: 0x0012","060022030304"
"1137","174.524787","(LEGO Mario_g_g)","(Galaxy Note10+)","22","Rcvd Handle Value Notification, Handle: 0x0012","0a00440303046e610000"
"1138","174.561138","(Galaxy Note10+)","(LEGO Mario_g_g)","18","Sent Write Command, Handle: 0x0012","060022030305"
"1139","174.577574","(LEGO Mario_g_g)","(Galaxy Note10+)","20","Rcvd Handle Value Notification, Handle: 0x0012","0800440303058400"
"1140","174.608765","(Galaxy Note10+)","(LEGO Mario_g_g)","18","Sent Write Command, Handle: 0x0012","060022030380"
"1142","174.623215","(LEGO Mario_g_g)","(Galaxy Note10+)","22","Rcvd Handle Value Notification, Handle: 0x0012","0a004403038004020a00"
"1143","174.661431","(Galaxy Note10+)","(LEGO Mario_g_g)","18","Sent Write Command, Handle: 0x0012","060022060000"
"1144","174.676190","(LEGO Mario_g_g)","(Galaxy Note10+)","29","Rcvd Handle Value Notification, Handle: 0x0012","110044060000564c54204c000000000000"
"1145","174.711047","(Galaxy Note10+)","(LEGO Mario_g_g)","18","Sent Write Command, Handle: 0x0012","060022060001"
"1147","174.729597","(LEGO Mario_g_g)","(Galaxy Note10+)","26","Rcvd Handle Value Notification, Handle: 0x0012","0e00440600010000000000102945"
"1148","174.764615","(Galaxy Note10+)","(LEGO Mario_g_g)","18","Sent Write Command, Handle: 0x0012","060022060002"
"1149","174.780267","(LEGO Mario_g_g)","(Galaxy Note10+)","26","Rcvd Handle Value Notification, Handle: 0x0012","0e0044060002000000000000c842"
"1150","174.812677","(Galaxy Note10+)","(LEGO Mario_g_g)","18","Sent Write Command, Handle: 0x0012","060022060003"
"1152","174.825763","(LEGO Mario_g_g)","(Galaxy Note10+)","26","Rcvd Handle Value Notification, Handle: 0x0012","0e00440600030000000000404e45"
"1153","174.861916","(Galaxy Note10+)","(LEGO Mario_g_g)","18","Sent Write Command, Handle: 0x0012","060022060004"
"1154","174.880390","(LEGO Mario_g_g)","(Galaxy Note10+)","22","Rcvd Handle Value Notification, Handle: 0x0012","0a00440600046d560000"
"1158","174.914477","(Galaxy Note10+)","(LEGO Mario_g_g)","18","Sent Write Command, Handle: 0x0012","060022060005"
"1160","174.930201","(LEGO Mario_g_g)","(Galaxy Note10+)","20","Rcvd Handle Value Notification, Handle: 0x0012","0800440600051000"
"1161","174.964129","(Galaxy Note10+)","(LEGO Mario_g_g)","18","Sent Write Command, Handle: 0x0012","060022060080"
"1163","175.004816","(LEGO Mario_g_g)","(Galaxy Note10+)","22","Rcvd Handle Value Notification, Handle: 0x0012","0a004406008001010400"
"1164","175.014389","(Galaxy Note10+)","(LEGO Mario_g_g)","18","Sent Write Command, Handle: 0x0012","060022060100"
"1166","175.065334","(LEGO Mario_g_g)","(Galaxy Note10+)","29","Rcvd Handle Value Notification, Handle: 0x0012","110044060100564c542053000000000000"
"1167","175.065672","(Galaxy Note10+)","(LEGO Mario_g_g)","18","Sent Write Command, Handle: 0x0012","060022060101"
"1168","175.114277","(Galaxy Note10+)","(LEGO Mario_g_g)","18","Sent Write Command, Handle: 0x0012","060022060102"
"1170","175.125788","(LEGO Mario_g_g)","(Galaxy Note10+)","26","Rcvd Handle Value Notification, Handle: 0x0012","0e00440601010000000000102945"
"1171","175.154939","(LEGO Mario_g_g)","(Galaxy Note10+)","26","Rcvd Handle Value Notification, Handle: 0x0012","0e0044060102000000000000c842"
"1172","175.163387","(Galaxy Note10+)","(LEGO Mario_g_g)","18","Sent Write Command, Handle: 0x0012","060022060103"
"1173","175.214439","(Galaxy Note10+)","(LEGO Mario_g_g)","18","Sent Write Command, Handle: 0x0012","060022060104"
"1174","175.215305","(LEGO Mario_g_g)","(Galaxy Note10+)","26","Rcvd Handle Value Notification, Handle: 0x0012","0e00440601030000000000404e45"
"1176","175.263960","(Galaxy Note10+)","(LEGO Mario_g_g)","18","Sent Write Command, Handle: 0x0012","060022060105"
"1177","175.275890","(LEGO Mario_g_g)","(Galaxy Note10+)","22","Rcvd Handle Value Notification, Handle: 0x0012","0a00440601046d560000"
"1178","175.305306","(LEGO Mario_g_g)","(Galaxy Note10+)","20","Rcvd Handle Value Notification, Handle: 0x0012","0800440601051000"
"1179","175.315586","(Galaxy Note10+)","(LEGO Mario_g_g)","18","Sent Write Command, Handle: 0x0012","060022060180"
"1181","175.364839","(Galaxy Note10+)","(LEGO Mario_g_g)","18","Sent Write Command, Handle: 0x0012","060022040000"
"1182","175.365565","(LEGO Mario_g_g)","(Galaxy Note10+)","22","Rcvd Handle Value Notification, Handle: 0x0012","0a004406018001010400"
"1183","175.414596","(Galaxy Note10+)","(LEGO Mario_g_g)","18","Sent Write Command, Handle: 0x0012","060022040001"
"1185","175.425602","(LEGO Mario_g_g)","(Galaxy Note10+)","29","Rcvd Handle Value Notification, Handle: 0x0012","1100440400004576656e74730000000000"
"1186","175.455186","(LEGO Mario_g_g)","(Galaxy Note10+)","26","Rcvd Handle Value Notification, Handle: 0x0012","0e00440400010000000000ff7f47"
"1187","175.464203","(Galaxy Note10+)","(LEGO Mario_g_g)","18","Sent Write Command, Handle: 0x0012","060022040002"
"1188","175.514584","(Galaxy Note10+)","(LEGO Mario_g_g)","18","Sent Write Command, Handle: 0x0012","060022040003"
"1189","175.515563","(LEGO Mario_g_g)","(Galaxy Note10+)","26","Rcvd Handle Value Notification, Handle: 0x0012","0e0044040002000000000000c842"
"1191","175.564748","(Galaxy Note10+)","(LEGO Mario_g_g)","18","Sent Write Command, Handle: 0x0012","060022040004"
"1192","175.575843","(LEGO Mario_g_g)","(Galaxy Note10+)","26","Rcvd Handle Value Notification, Handle: 0x0012","0e00440400030000000000ff7f47"
"1193","175.605411","(LEGO Mario_g_g)","(Galaxy Note10+)","22","Rcvd Handle Value Notification, Handle: 0x0012","0a00440400046e610000"
"1194","175.615031","(Galaxy Note10+)","(LEGO Mario_g_g)","18","Sent Write Command, Handle: 0x0012","060022040005"
"1196","175.664713","(Galaxy Note10+)","(LEGO Mario_g_g)","18","Sent Write Command, Handle: 0x0012","060022040080"
"1197","175.665814","(LEGO Mario_g_g)","(Galaxy Note10+)","20","Rcvd Handle Value Notification, Handle: 0x0012","0800440400058484"
"1198","175.724933","(LEGO Mario_g_g)","(Galaxy Note10+)","22","Rcvd Handle Value Notification, Handle: 0x0012","0a004404008002010500"
"1199","175.739894","(Galaxy Note10+)","(LEGO Mario_g_g)","22","Sent Write Command, Handle: 0x0012","0a004104000100000001"
"1201","175.785332","(LEGO Mario_g_g)","(Galaxy Note10+)","22","Rcvd Handle Value Notification, Handle: 0x0012","0a004704000100000001"
"1213","181.095677","(LEGO Mario_g_g)","(Galaxy Note10+)","18","Rcvd Handle Value Notification, Handle: 0x0012","060001020601"
"1214","181.305358","(LEGO Mario_g_g)","(Galaxy Note10+)","18","Rcvd Handle Value Notification, Handle: 0x0012","060001020600"
"1222","181.484767","(LEGO Mario_g_g)","(Galaxy Note10+)","18","Rcvd Handle Value Notification, Handle: 0x0012","060001060637"
"1225","181.815525","(LEGO Mario_g_g)","(Galaxy Note10+)","18","Rcvd Handle Value Notification, Handle: 0x0012","060001060633"
"1235","182.985280","(LEGO Mario_g_g)","(Galaxy Note10+)","18","Rcvd Handle Value Notification, Handle: 0x0012","060001060638"
"1280","187.275001","(LEGO Mario_g_g)","(Galaxy Note10+)","18","Rcvd Handle Value Notification, Handle: 0x0012","06000106063c"
"1316","190.755585","(LEGO Mario_g_g)","(Galaxy Note10+)","18","Rcvd Handle Value Notification, Handle: 0x0012","060001060642"
"1324","191.235628","(LEGO Mario_g_g)","(Galaxy Note10+)","18","Rcvd Handle Value Notification, Handle: 0x0012","060001060646"
"1388","198.825686","(LEGO Mario_g_g)","(Galaxy Note10+)","18","Rcvd Handle Value Notification, Handle: 0x0012","060001060642"
"1391","199.335370","(LEGO Mario_g_g)","(Galaxy Note10+)","18","Rcvd Handle Value Notification, Handle: 0x0012","06000106063d"
"1450","205.785968","(LEGO Mario_g_g)","(Galaxy Note10+)","18","Rcvd Handle Value Notification, Handle: 0x0012","060001060639"
"1512","213.376584","(LEGO Mario_g_g)","(Galaxy Note10+)","18","Rcvd Handle Value Notification, Handle: 0x0012","06000106063d"
"1556","220.125890","(LEGO Mario_g_g)","(Galaxy Note10+)","18","Rcvd Handle Value Notification, Handle: 0x0012","060001060639"
"1674","235.336626","(LEGO Mario_g_g)","(Galaxy Note10+)","18","Rcvd Handle Value Notification, Handle: 0x0012","06000106063d"
"1695","237.977466","(LEGO Mario_g_g)","(Galaxy Note10+)","18","Rcvd Handle Value Notification, Handle: 0x0012","060001060639"
"2011","284.207499","(LEGO Mario_g_g)","(Galaxy Note10+)","18","Rcvd Handle Value Notification, Handle: 0x0012","06000106063d"
"2017","284.868331","(LEGO Mario_g_g)","(Galaxy Note10+)","18","Rcvd Handle Value Notification, Handle: 0x0012","060001060639"
"2126","303.677528","(LEGO Mario_g_g)","(Galaxy Note10+)","18","Rcvd Handle Value Notification, Handle: 0x0012","06000106063d"
"2131","304.187132","(LEGO Mario_g_g)","(Galaxy Note10+)","18","Rcvd Handle Value Notification, Handle: 0x0012","060001060642"
"2191","313.578338","(LEGO Mario_g_g)","(Galaxy Note10+)","18","Rcvd Handle Value Notification, Handle: 0x0012","06000106063b"
"2239","322.337642","(LEGO Mario_g_g)","(Galaxy Note10+)","18","Rcvd Handle Value Notification, Handle: 0x0012","060001060637"
"2302","331.908117","(LEGO Mario_g_g)","(Galaxy Note10+)","18","Rcvd Handle Value Notification, Handle: 0x0012","060001060633"
"2306","332.538214","(LEGO Mario_g_g)","(Galaxy Note10+)","18","Rcvd Handle Value Notification, Handle: 0x0012","060001020601"
"2307","332.778536","(LEGO Mario_g_g)","(Galaxy Note10+)","18","Rcvd Handle Value Notification, Handle: 0x0012","060001020600"
"2315","333.078164","(LEGO Mario_g_g)","(Galaxy Note10+)","18","Rcvd Handle Value Notification, Handle: 0x0012","06000106062e"
"2316","333.228308","(LEGO Mario_g_g)","(Galaxy Note10+)","18","Rcvd Handle Value Notification, Handle: 0x0012","06000106062a"
"2317","333.409756","(LEGO Mario_g_g)","(Galaxy Note10+)","18","Rcvd Handle Value Notification, Handle: 0x0012","06000106062f"
"2324","334.548039","(LEGO Mario_g_g)","(Galaxy Note10+)","18","Rcvd Handle Value Notification, Handle: 0x0012","060001060633"
"2355","337.367844","(LEGO Mario_g_g)","(Galaxy Note10+)","18","Rcvd Handle Value Notification, Handle: 0x0012","060001060638"
"2395","349.938882","(LEGO Mario_g_g)","(Galaxy Note10+)","18","Rcvd Handle Value Notification, Handle: 0x0012","060001020601"
"2401","350.149436","(LEGO Mario_g_g)","(Galaxy Note10+)","18","Rcvd Handle Value Notification, Handle: 0x0012","060001020600"
"2402","350.238936","(LEGO Mario_g_g)","(Galaxy Note10+)","18","Rcvd Handle Value Notification, Handle: 0x0012","060001060633"
"2403","350.568419","(LEGO Mario_g_g)","(Galaxy Note10+)","18","Rcvd Handle Value Notification, Handle: 0x0012","06000106062d"
"2409","351.228224","(LEGO Mario_g_g)","(Galaxy Note10+)","18","Rcvd Handle Value Notification, Handle: 0x0012","060001060632"
"2419","352.398024","(LEGO Mario_g_g)","(Galaxy Note10+)","18","Rcvd Handle Value Notification, Handle: 0x0012","060001060638"
"2433","353.388824","(LEGO Mario_g_g)","(Galaxy Note10+)","18","Rcvd Handle Value Notification, Handle: 0x0012","060001060633"
"2445","354.558963","(LEGO Mario_g_g)","(Galaxy Note10+)","18","Rcvd Handle Value Notification, Handle: 0x0012","060001060637"
"2479","357.528254","(LEGO Mario_g_g)","(Galaxy Note10+)","18","Rcvd Handle Value Notification, Handle: 0x0012","060001060632"
"2480","357.618920","(LEGO Mario_g_g)","(Galaxy Note10+)","16","Rcvd Handle Value Notification, Handle: 0x0012","04000230"
"2481","357.620388","(LEGO Mario_g_g)","(Galaxy Note10+)","16","Rcvd Handle Value Notification, Handle: 0x0012","04000231"
"2775","381.052733","(Galaxy Note10+)","(LEGO Mario_g_g)","17","Sent Write Command, Handle: 0x0012","0500030201"
"2776","381.104362","(Galaxy Note10+)","(LEGO Mario_g_g)","17","Sent Write Command, Handle: 0x0012","0500030203"
"2778","381.146546","(LEGO Mario_g_g)","(Galaxy Note10+)","18","Rcvd Handle Value Notification, Handle: 0x0012","060003020400"
"2779","381.156628","(Galaxy Note10+)","(LEGO Mario_g_g)","17","Sent Write Command, Handle: 0x0012","0500030401"
"2780","381.161655","(LEGO Mario_g_g)","(Galaxy Note10+)","27","Rcvd Handle Value Notification, Handle: 0x0012","0f0004000147000000035301000000"
"2781","381.176587","(LEGO Mario_g_g)","(Galaxy Note10+)","27","Rcvd Handle Value Notification, Handle: 0x0012","0f0004010149000000035301000000"
"2782","381.184013","(LEGO Mario_g_g)","(Galaxy Note10+)","27","Rcvd Handle Value Notification, Handle: 0x0012","0f000402014a000000035301000000"
"2783","381.199502","(LEGO Mario_g_g)","(Galaxy Note10+)","27","Rcvd Handle Value Notification, Handle: 0x0012","0f0004030146000000035301000000"
"2784","381.204970","(Galaxy Note10+)","(LEGO Mario_g_g)","17","Sent Write Command, Handle: 0x0012","0500030403"
"2786","381.214498","(LEGO Mario_g_g)","(Galaxy Note10+)","27","Rcvd Handle Value Notification, Handle: 0x0012","0f0004060114000100000000000353"
"2787","381.221349","(LEGO Mario_g_g)","(Galaxy Note10+)","27","Rcvd Handle Value Notification, Handle: 0x0012","0f0004040155000100000000000353"
"2788","381.236382","(LEGO Mario_g_g)","(Galaxy Note10+)","18","Rcvd Handle Value Notification, Handle: 0x0012","060003040400"
"2789","381.255131","(Galaxy Note10+)","(LEGO Mario_g_g)","17","Sent Write Command, Handle: 0x0012","0500030101"
"2790","381.305347","(Galaxy Note10+)","(LEGO Mario_g_g)","17","Sent Write Command, Handle: 0x0012","0500030103"
"2792","381.321189","(LEGO Mario_g_g)","(Galaxy Note10+)","18","Rcvd Handle Value Notification, Handle: 0x0012","060003010400"
"2793","381.355962","(Galaxy Note10+)","(LEGO Mario_g_g)","17","Sent Write Command, Handle: 0x0012","0500030301"
"2794","381.405323","(Galaxy Note10+)","(LEGO Mario_g_g)","17","Sent Write Command, Handle: 0x0012","0500030303"
"2796","381.416165","(LEGO Mario_g_g)","(Galaxy Note10+)","18","Rcvd Handle Value Notification, Handle: 0x0012","060003030400"
"2797","381.456866","(Galaxy Note10+)","(LEGO Mario_g_g)","17","Sent Write Command, Handle: 0x0012","0500010405"
"2798","381.468849","(LEGO Mario_g_g)","(Galaxy Note10+)","21","Rcvd Handle Value Notification, Handle: 0x0012","090001040600000004"
"2799","381.506124","(Galaxy Note10+)","(LEGO Mario_g_g)","17","Sent Write Command, Handle: 0x0012","0500010305"
"2801","381.520994","(LEGO Mario_g_g)","(Galaxy Note10+)","21","Rcvd Handle Value Notification, Handle: 0x0012","090001030600000353"
"2802","381.557853","(Galaxy Note10+)","(LEGO Mario_g_g)","17","Sent Write Command, Handle: 0x0012","0500010905"
"2803","381.573972","(LEGO Mario_g_g)","(Galaxy Note10+)","23","Rcvd Handle Value Notification, Handle: 0x0012","0b00010906312e322e3000"
"2804","381.608041","(Galaxy Note10+)","(LEGO Mario_g_g)","17","Sent Write Command, Handle: 0x0012","0500010805"
"2806","381.628953","(LEGO Mario_g_g)","(Galaxy Note10+)","32","Rcvd Handle Value Notification, Handle: 0x0012","14000108064c45474f2053797374656d20412f53"
"2807","381.658282","(Galaxy Note10+)","(LEGO Mario_g_g)","17","Sent Write Command, Handle: 0x0012","0500010705"
"2808","381.671772","(LEGO Mario_g_g)","(Galaxy Note10+)","18","Rcvd Handle Value Notification, Handle: 0x0012","060001070601"
"2809","381.707790","(Galaxy Note10+)","(LEGO Mario_g_g)","17","Sent Write Command, Handle: 0x0012","0500010a05"
"2811","381.724165","(LEGO Mario_g_g)","(Galaxy Note10+)","19","Rcvd Handle Value Notification, Handle: 0x0012","0700010a060003"
"2812","381.758861","(Galaxy Note10+)","(LEGO Mario_g_g)","17","Sent Write Command, Handle: 0x0012","0500010d05"
"2813","381.776760","(LEGO Mario_g_g)","(Galaxy Note10+)","23","Rcvd Handle Value Notification, Handle: 0x0012","0b00010d06249f89fb57b1"
"2814","381.810373","(Galaxy Note10+)","(LEGO Mario_g_g)","17","Sent Write Command, Handle: 0x0012","0500010202"
"2816","381.828853","(LEGO Mario_g_g)","(Galaxy Note10+)","18","Rcvd Handle Value Notification, Handle: 0x0012","060001020600"
"2817","381.861617","(Galaxy Note10+)","(LEGO Mario_g_g)","17","Sent Write Command, Handle: 0x0012","0500010205"
"2818","381.873738","(LEGO Mario_g_g)","(Galaxy Note10+)","18","Rcvd Handle Value Notification, Handle: 0x0012","060001020600"
"2819","381.911541","(Galaxy Note10+)","(LEGO Mario_g_g)","17","Sent Write Command, Handle: 0x0012","0500010502"
"2821","381.926876","(LEGO Mario_g_g)","(Galaxy Note10+)","18","Rcvd Handle Value Notification, Handle: 0x0012","060001050600"
"2822","381.961749","(Galaxy Note10+)","(LEGO Mario_g_g)","17","Sent Write Command, Handle: 0x0012","0500010505"
"2823","381.978975","(LEGO Mario_g_g)","(Galaxy Note10+)","18","Rcvd Handle Value Notification, Handle: 0x0012","060001050600"
"2824","382.014617","(Galaxy Note10+)","(LEGO Mario_g_g)","17","Sent Write Command, Handle: 0x0012","0500010602"
"2826","382.031758","(LEGO Mario_g_g)","(Galaxy Note10+)","18","Rcvd Handle Value Notification, Handle: 0x0012","060001060636"
"2827","382.063957","(Galaxy Note10+)","(LEGO Mario_g_g)","17","Sent Write Command, Handle: 0x0012","0500010605"
"2828","382.076372","(LEGO Mario_g_g)","(Galaxy Note10+)","18","Rcvd Handle Value Notification, Handle: 0x0012","060001060636"
"2829","382.114149","(Galaxy Note10+)","(LEGO Mario_g_g)","17","Sent Write Command, Handle: 0x0012","0500010102"
"2831","382.136585","(LEGO Mario_g_g)","(Galaxy Note10+)","31","Rcvd Handle Value Notification, Handle: 0x0012","13000101064c45474f204d6172696f5f675f67"
"2832","382.164882","(Galaxy Note10+)","(LEGO Mario_g_g)","17","Sent Write Command, Handle: 0x0012","0500010105"
"2833","382.189265","(LEGO Mario_g_g)","(Galaxy Note10+)","31","Rcvd Handle Value Notification, Handle: 0x0012","13000101064c45474f204d6172696f5f675f67"
"2834","382.212567","(Galaxy Note10+)","(LEGO Mario_g_g)","22","Sent Write Command, Handle: 0x0012","0a004104000100000001"
"2836","382.226032","(LEGO Mario_g_g)","(Galaxy Note10+)","22","Rcvd Handle Value Notification, Handle: 0x0012","0a004704000100000001"
"2837","383.867735","(Galaxy Note10+)","(LEGO Mario_g_g)","22","Sent Write Command, Handle: 0x0012","0a004103010100000001"
"2838","383.883874","(LEGO Mario_g_g)","(Galaxy Note10+)","22","Rcvd Handle Value Notification, Handle: 0x0012","0a004703010100000001"
"2839","383.892345","(LEGO Mario_g_g)","(Galaxy Note10+)","32","Rcvd Handle Value Notification, Handle: 0x0012","14004503d2000053d2000053d20000531c001c00"
"2840","383.917626","(Galaxy Note10+)","(LEGO Mario_g_g)","17","Sent Write Command, Handle: 0x0012","0500210300"
"2842","383.929029","(LEGO Mario_g_g)","(Galaxy Note10+)","32","Rcvd Handle Value Notification, Handle: 0x0012","14004503d2000053d2000053d20000531c001c00"
"2843","383.969107","(Galaxy Note10+)","(LEGO Mario_g_g)","22","Sent Write Command, Handle: 0x0012","0a004103020100000001"
"2844","383.981510","(LEGO Mario_g_g)","(Galaxy Note10+)","22","Rcvd Handle Value Notification, Handle: 0x0012","0a004703020100000001"
"2845","383.988440","(LEGO Mario_g_g)","(Galaxy Note10+)","20","Rcvd Handle Value Notification, Handle: 0x0012","0800450300000000"
"2846","384.019631","(Galaxy Note10+)","(LEGO Mario_g_g)","21","Sent Write Command, Handle: 0x0012","0900810311510201f0"
"2848","384.035062","(LEGO Mario_g_g)","(Galaxy Note10+)","17","Rcvd Handle Value Notification, Handle: 0x0012","050082030a"
"2849","384.041127","(LEGO Mario_g_g)","(Galaxy Note10+)","20","Rcvd Handle Value Notification, Handle: 0x0012","0800450301400000"
"2850","384.049608","(LEGO Mario_g_g)","(Galaxy Note10+)","20","Rcvd Handle Value Notification, Handle: 0x0012","0800450302400000"
"2851","384.086165","(LEGO Mario_g_g)","(Galaxy Note10+)","20","Rcvd Handle Value Notification, Handle: 0x0012","0800450301300000"
"2852","384.131556","(LEGO Mario_g_g)","(Galaxy Note10+)","20","Rcvd Handle Value Notification, Handle: 0x0012","0800450301190000"
"2853","384.169003","(LEGO Mario_g_g)","(Galaxy Note10+)","20","Rcvd Handle Value Notification, Handle: 0x0012","0800450302190000"
"2854","384.216928","(LEGO Mario_g_g)","(Galaxy Note10+)","20","Rcvd Handle Value Notification, Handle: 0x0012","0800450310190100"
"2855","384.251590","(LEGO Mario_g_g)","(Galaxy Note10+)","20","Rcvd Handle Value Notification, Handle: 0x0012","0800450311190500"
"2856","384.264937","(Galaxy Note10+)","(LEGO Mario_g_g)","22","Sent Write Command, Handle: 0x0012","0a004104000100000001"
"2857","384.281719","(LEGO Mario_g_g)","(Galaxy Note10+)","22","Rcvd Handle Value Notification, Handle: 0x0012","0a004704000100000001"
"2858","384.296539","(LEGO Mario_g_g)","(Galaxy Note10+)","20","Rcvd Handle Value Notification, Handle: 0x0012","0800450315010600"
"2859","384.316878","(Galaxy Note10+)","(LEGO Mario_g_g)","23","Sent Write Command, Handle: 0x0012","0b0081041151000500fe00"
"2861","384.333834","(LEGO Mario_g_g)","(Galaxy Note10+)","17","Rcvd Handle Value Notification, Handle: 0x0012","050082040a"
"2862","384.341331","(LEGO Mario_g_g)","(Galaxy Note10+)","20","Rcvd Handle Value Notification, Handle: 0x0012","080045040100fe00"
"2863","384.356427","(LEGO Mario_g_g)","(Galaxy Note10+)","20","Rcvd Handle Value Notification, Handle: 0x0012","0800450380010000"
"2864","384.365421","(Galaxy Note10+)","(LEGO Mario_g_g)","23","Sent Write Command, Handle: 0x0012","0b00810411510009000000"
"2865","384.378960","(LEGO Mario_g_g)","(Galaxy Note10+)","17","Rcvd Handle Value Notification, Handle: 0x0012","050082040a"
"2866","384.386791","(LEGO Mario_g_g)","(Galaxy Note10+)","20","Rcvd Handle Value Notification, Handle: 0x0012","0800450301180000"
"2867","384.401755","(LEGO Mario_g_g)","(Galaxy Note10+)","20","Rcvd Handle Value Notification, Handle: 0x0012","080045040b00ffff"
"2868","384.415618","(Galaxy Note10+)","(LEGO Mario_g_g)","23","Sent Write Command, Handle: 0x0012","0b0081041151000a00a736"
"2870","384.433292","(LEGO Mario_g_g)","(Galaxy Note10+)","17","Rcvd Handle Value Notification, Handle: 0x0012","050082040a"
"2871","384.439035","(LEGO Mario_g_g)","(Galaxy Note10+)","20","Rcvd Handle Value Notification, Handle: 0x0012","080045040b00a736"
"2872","384.464831","(Galaxy Note10+)","(LEGO Mario_g_g)","21","Sent Write Command, Handle: 0x0012","0900810311510201f0"
"2873","384.476556","(LEGO Mario_g_g)","(Galaxy Note10+)","17","Rcvd Handle Value Notification, Handle: 0x0012","050082030a"
"2874","384.484166","(LEGO Mario_g_g)","(Galaxy Note10+)","20","Rcvd Handle Value Notification, Handle: 0x0012","0800450301400000"
"2875","384.498979","(LEGO Mario_g_g)","(Galaxy Note10+)","20","Rcvd Handle Value Notification, Handle: 0x0012","0800450302400000"
"2876","384.544176","(LEGO Mario_g_g)","(Galaxy Note10+)","20","Rcvd Handle Value Notification, Handle: 0x0012","0800450301300000"
"2877","384.581163","(LEGO Mario_g_g)","(Galaxy Note10+)","20","Rcvd Handle Value Notification, Handle: 0x0012","0800450301190000"
"2878","384.625918","(LEGO Mario_g_g)","(Galaxy Note10+)","20","Rcvd Handle Value Notification, Handle: 0x0012","0800450302190000"
"2880","384.678499","(LEGO Mario_g_g)","(Galaxy Note10+)","20","Rcvd Handle Value Notification, Handle: 0x0012","0800450310190000"
"2881","384.708557","(LEGO Mario_g_g)","(Galaxy Note10+)","20","Rcvd Handle Value Notification, Handle: 0x0012","0800450311190000"
"2882","384.720388","(Galaxy Note10+)","(LEGO Mario_g_g)","17","Sent Write Command, Handle: 0x0012","0500011205"
"2883","384.731476","(LEGO Mario_g_g)","(Galaxy Note10+)","18","Rcvd Handle Value Notification, Handle: 0x0012","060001120664"
"2884","384.754599","(LEGO Mario_g_g)","(Galaxy Note10+)","20","Rcvd Handle Value Notification, Handle: 0x0012","0800450315010600"
"2885","384.790951","(LEGO Mario_g_g)","(Galaxy Note10+)","20","Rcvd Handle Value Notification, Handle: 0x0012","0800450301180000"
"2891","386.292991","(LEGO Mario_g_g)","(Galaxy Note10+)","18","Rcvd Handle Value Notification, Handle: 0x0012","0600010506ce"
"2892","388.420955","(LEGO Mario_g_g)","(Galaxy Note10+)","18","Rcvd Handle Value Notification, Handle: 0x0012","0600010506cd"
"2893","392.621177","(LEGO Mario_g_g)","(Galaxy Note10+)","18","Rcvd Handle Value Notification, Handle: 0x0012","0600010506ce"
"2894","392.801184","(LEGO Mario_g_g)","(Galaxy Note10+)","20","Rcvd Handle Value Notification, Handle: 0x0012","0800450313011400"
"2895","392.802278","(LEGO Mario_g_g)","(Galaxy Note10+)","20","Rcvd Handle Value Notification, Handle: 0x0012","0800450362380000"
"2896","392.861550","(LEGO Mario_g_g)","(Galaxy Note10+)","20","Rcvd Handle Value Notification, Handle: 0x0012","0800450303380000"
"2897","394.031536","(LEGO Mario_g_g)","(Galaxy Note10+)","20","Rcvd Handle Value Notification, Handle: 0x0012","0800450362380000"
"2898","394.752032","(LEGO Mario_g_g)","(Galaxy Note10+)","18","Rcvd Handle Value Notification, Handle: 0x0012","0600010506d1"
"2899","394.841396","(LEGO Mario_g_g)","(Galaxy Note10+)","20","Rcvd Handle Value Notification, Handle: 0x0012","0800450303386400"
"2900","395.412012","(LEGO Mario_g_g)","(Galaxy Note10+)","18","Rcvd Handle Value Notification, Handle: 0x0012","060001060631"
"2901","396.251920","(LEGO Mario_g_g)","(Galaxy Note10+)","18","Rcvd Handle Value Notification, Handle: 0x0012","060001060636"
"2902","398.411363","(LEGO Mario_g_g)","(Galaxy Note10+)","20","Rcvd Handle Value Notification, Handle: 0x0012","080045031301b800"
"2903","398.441793","(LEGO Mario_g_g)","(Galaxy Note10+)","20","Rcvd Handle Value Notification, Handle: 0x0012","0800450362380000"
"2904","398.471692","(LEGO Mario_g_g)","(Galaxy Note10+)","20","Rcvd Handle Value Notification, Handle: 0x0012","0800450303386400"
"2905","398.531704","(LEGO Mario_g_g)","(Galaxy Note10+)","20","Rcvd Handle Value Notification, Handle: 0x0012","0800450352380000"
"2906","398.621336","(LEGO Mario_g_g)","(Galaxy Note10+)","20","Rcvd Handle Value Notification, Handle: 0x0012","0800450303386400"
"2907","398.651406","(LEGO Mario_g_g)","(Galaxy Note10+)","20","Rcvd Handle Value Notification, Handle: 0x0012","080045036e380000"
"2908","398.681276","(LEGO Mario_g_g)","(Galaxy Note10+)","20","Rcvd Handle Value Notification, Handle: 0x0012","0800450303386400"
"2909","398.741610","(LEGO Mario_g_g)","(Galaxy Note10+)","20","Rcvd Handle Value Notification, Handle: 0x0012","0800450362380000"
"2910","398.771227","(LEGO Mario_g_g)","(Galaxy Note10+)","20","Rcvd Handle Value Notification, Handle: 0x0012","0800450352380000"
"2911","398.951220","(LEGO Mario_g_g)","(Galaxy Note10+)","20","Rcvd Handle Value Notification, Handle: 0x0012","0800450301180100"
"2912","398.952328","(LEGO Mario_g_g)","(Galaxy Note10+)","18","Rcvd Handle Value Notification, Handle: 0x0012","0600010506ca"
"2913","398.981670","(LEGO Mario_g_g)","(Galaxy Note10+)","20","Rcvd Handle Value Notification, Handle: 0x0012","0800450303180100"
"2914","400.031315","(LEGO Mario_g_g)","(Galaxy Note10+)","18","Rcvd Handle Value Notification, Handle: 0x0012","060001060631"
"2915","400.541444","(LEGO Mario_g_g)","(Galaxy Note10+)","18","Rcvd Handle Value Notification, Handle: 0x0012","06000106062c"
"2916","401.081635","(LEGO Mario_g_g)","(Galaxy Note10+)","18","Rcvd Handle Value Notification, Handle: 0x0012","0600010506c7"
"2917","401.381763","(LEGO Mario_g_g)","(Galaxy Note10+)","18","Rcvd Handle Value Notification, Handle: 0x0012","060001060632"
"2918","402.881649","(LEGO Mario_g_g)","(Galaxy Note10+)","20","Rcvd Handle Value Notification, Handle: 0x0012","0800450313012900"
"2919","402.882103","(LEGO Mario_g_g)","(Galaxy Note10+)","20","Rcvd Handle Value Notification, Handle: 0x0012","080045036d380000"
"2920","403.181533","(LEGO Mario_g_g)","(Galaxy Note10+)","18","Rcvd Handle Value Notification, Handle: 0x0012","0600010506c3"
"2921","403.511599","(LEGO Mario_g_g)","(Galaxy Note10+)","20","Rcvd Handle Value Notification, Handle: 0x0012","0800450313012900"
"2922","405.161468","(LEGO Mario_g_g)","(Galaxy Note10+)","18","Rcvd Handle Value Notification, Handle: 0x0012","06000106062e"
"2923","405.282023","(LEGO Mario_g_g)","(Galaxy Note10+)","18","Rcvd Handle Value Notification, Handle: 0x0012","0600010506c4"
"2924","405.821771","(LEGO Mario_g_g)","(Galaxy Note10+)","18","Rcvd Handle Value Notification, Handle: 0x0012","060001060632"
"2925","406.481696","(LEGO Mario_g_g)","(Galaxy Note10+)","20","Rcvd Handle Value Notification, Handle: 0x0012","0800450313011400"
"2926","406.512162","(LEGO Mario_g_g)","(Galaxy Note10+)","18","Rcvd Handle Value Notification, Handle: 0x0012","06000106062e"
"2927","406.541984","(LEGO Mario_g_g)","(Galaxy Note10+)","20","Rcvd Handle Value Notification, Handle: 0x0012","0800450303380000"
"2928","406.901427","(LEGO Mario_g_g)","(Galaxy Note10+)","20","Rcvd Handle Value Notification, Handle: 0x0012","0800450380200a00"
"2929","406.902140","(LEGO Mario_g_g)","(Galaxy Note10+)","20","Rcvd Handle Value Notification, Handle: 0x0012","080045036a380500"
"2930","406.961794","(LEGO Mario_g_g)","(Galaxy Note10+)","20","Rcvd Handle Value Notification, Handle: 0x0012","0800450304400500"
"2931","407.321630","(LEGO Mario_g_g)","(Galaxy Note10+)","18","Rcvd Handle Value Notification, Handle: 0x0012","060001060626"
"2932","407.351944","(LEGO Mario_g_g)","(Galaxy Note10+)","18","Rcvd Handle Value Notification, Handle: 0x0012","0600010506c1"
"2933","407.831719","(LEGO Mario_g_g)","(Galaxy Note10+)","18","Rcvd Handle Value Notification, Handle: 0x0012","06000106062c"
"2934","408.731516","(LEGO Mario_g_g)","(Galaxy Note10+)","20","Rcvd Handle Value Notification, Handle: 0x0012","0800450303386400"
"2935","409.152203","(LEGO Mario_g_g)","(Galaxy Note10+)","18","Rcvd Handle Value Notification, Handle: 0x0012","060001060631"
"2936","409.481619","(LEGO Mario_g_g)","(Galaxy Note10+)","18","Rcvd Handle Value Notification, Handle: 0x0012","0600010506c4"
"2937","411.553298","(LEGO Mario_g_g)","(Galaxy Note10+)","18","Rcvd Handle Value Notification, Handle: 0x0012","0600010506c5"
"2938","411.642028","(LEGO Mario_g_g)","(Galaxy Note10+)","18","Rcvd Handle Value Notification, Handle: 0x0012","060001060635"
"2939","412.091838","(LEGO Mario_g_g)","(Galaxy Note10+)","20","Rcvd Handle Value Notification, Handle: 0x0012","0800450313010d00"
"2940","412.452261","(LEGO Mario_g_g)","(Galaxy Note10+)","18","Rcvd Handle Value Notification, Handle: 0x0012","060001060630"
"2941","413.651658","(LEGO Mario_g_g)","(Galaxy Note10+)","20","Rcvd Handle Value Notification, Handle: 0x0012","080045035e200300"
"2942","413.652122","(LEGO Mario_g_g)","(Galaxy Note10+)","18","Rcvd Handle Value Notification, Handle: 0x0012","0600010506ba"
"2943","413.801953","(LEGO Mario_g_g)","(Galaxy Note10+)","20","Rcvd Handle Value Notification, Handle: 0x0012","0800450313010d00"
"2944","415.751772","(LEGO Mario_g_g)","(Galaxy Note10+)","18","Rcvd Handle Value Notification, Handle: 0x0012","0600010506bc"
"2945","415.901831","(LEGO Mario_g_g)","(Galaxy Note10+)","20","Rcvd Handle Value Notification, Handle: 0x0012","080045035e200400"
"2946","416.321851","(LEGO Mario_g_g)","(Galaxy Note10+)","20","Rcvd Handle Value Notification, Handle: 0x0012","0800450313019900"
"2947","417.431838","(LEGO Mario_g_g)","(Galaxy Note10+)","18","Rcvd Handle Value Notification, Handle: 0x0012","060001060635"
"2948","417.851763","(LEGO Mario_g_g)","(Galaxy Note10+)","18","Rcvd Handle Value Notification, Handle: 0x0012","0600010506c1"
"2949","419.412145","(LEGO Mario_g_g)","(Galaxy Note10+)","18","Rcvd Handle Value Notification, Handle: 0x0012","060001060630"
"2950","419.982336","(LEGO Mario_g_g)","(Galaxy Note10+)","18","Rcvd Handle Value Notification, Handle: 0x0012","0600010506bb"
"2951","420.611911","(LEGO Mario_g_g)","(Galaxy Note10+)","20","Rcvd Handle Value Notification, Handle: 0x0012","080045035b200a00"
"2952","421.512430","(LEGO Mario_g_g)","(Galaxy Note10+)","20","Rcvd Handle Value Notification, Handle: 0x0012","0800450313010200"
"2953","421.573730","(LEGO Mario_g_g)","(Galaxy Note10+)","18","Rcvd Handle Value Notification, Handle: 0x0012","06000106062c"
"2954","422.081805","(LEGO Mario_g_g)","(Galaxy Note10+)","18","Rcvd Handle Value Notification, Handle: 0x0012","0600010506c2"
"2955","422.712010","(LEGO Mario_g_g)","(Galaxy Note10+)","20","Rcvd Handle Value Notification, Handle: 0x0012","0800450342200200"
"2956","422.742181","(LEGO Mario_g_g)","(Galaxy Note10+)","18","Rcvd Handle Value Notification, Handle: 0x0012","060001060630"
"2957","422.862217","(LEGO Mario_g_g)","(Galaxy Note10+)","20","Rcvd Handle Value Notification, Handle: 0x0012","0800450313010200"
"2958","423.701909","(LEGO Mario_g_g)","(Galaxy Note10+)","20","Rcvd Handle Value Notification, Handle: 0x0012","0800450342200400"
"2959","423.822235","(LEGO Mario_g_g)","(Galaxy Note10+)","20","Rcvd Handle Value Notification, Handle: 0x0012","0800450309200100"
"2960","423.882380","(LEGO Mario_g_g)","(Galaxy Note10+)","20","Rcvd Handle Value Notification, Handle: 0x0012","0800450313010200"
"2961","424.181707","(LEGO Mario_g_g)","(Galaxy Note10+)","18","Rcvd Handle Value Notification, Handle: 0x0012","0600010506cd"
"2962","424.241698","(LEGO Mario_g_g)","(Galaxy Note10+)","18","Rcvd Handle Value Notification, Handle: 0x0012","06000106062b"
"2963","424.571842","(LEGO Mario_g_g)","(Galaxy Note10+)","18","Rcvd Handle Value Notification, Handle: 0x0012","060001060630"
"2964","424.782149","(LEGO Mario_g_g)","(Galaxy Note10+)","20","Rcvd Handle Value Notification, Handle: 0x0012","0800450342200600"
"2965","425.052311","(LEGO Mario_g_g)","(Galaxy Note10+)","18","Rcvd Handle Value Notification, Handle: 0x0012","06000106062b"
"2966","425.501735","(LEGO Mario_g_g)","(Galaxy Note10+)","20","Rcvd Handle Value Notification, Handle: 0x0012","080045031301b700"
"2967","425.502246","(LEGO Mario_g_g)","(Galaxy Note10+)","20","Rcvd Handle Value Notification, Handle: 0x0012","0800450303180200"
"2968","425.561961","(LEGO Mario_g_g)","(Galaxy Note10+)","20","Rcvd Handle Value Notification, Handle: 0x0012","0800450303386400"
"2969","425.595135","(LEGO Mario_g_g)","(Galaxy Note10+)","20","Rcvd Handle Value Notification, Handle: 0x0012","0800450304300b01"
"2970","425.621796","(LEGO Mario_g_g)","(Galaxy Note10+)","20","Rcvd Handle Value Notification, Handle: 0x0012","0800450352380000"
"2971","425.682433","(LEGO Mario_g_g)","(Galaxy Note10+)","20","Rcvd Handle Value Notification, Handle: 0x0012","0800450303386400"
"2972","425.713297","(LEGO Mario_g_g)","(Galaxy Note10+)","20","Rcvd Handle Value Notification, Handle: 0x0012","0800450352380000"
"2973","425.742401","(LEGO Mario_g_g)","(Galaxy Note10+)","18","Rcvd Handle Value Notification, Handle: 0x0012","060001060632"
"2974","425.772134","(LEGO Mario_g_g)","(Galaxy Note10+)","20","Rcvd Handle Value Notification, Handle: 0x0012","0800450303386400"
"2975","425.802175","(LEGO Mario_g_g)","(Galaxy Note10+)","20","Rcvd Handle Value Notification, Handle: 0x0012","080045036e380000"
"2976","425.832170","(LEGO Mario_g_g)","(Galaxy Note10+)","20","Rcvd Handle Value Notification, Handle: 0x0012","0800450303386400"
"2977","426.012109","(LEGO Mario_g_g)","(Galaxy Note10+)","20","Rcvd Handle Value Notification, Handle: 0x0012","0800450362380000"
"2978","426.162501","(LEGO Mario_g_g)","(Galaxy Note10+)","20","Rcvd Handle Value Notification, Handle: 0x0012","0800450312370700"
"2979","426.282549","(LEGO Mario_g_g)","(Galaxy Note10+)","18","Rcvd Handle Value Notification, Handle: 0x0012","0600010506c9"
"2980","430.482034","(LEGO Mario_g_g)","(Galaxy Note10+)","18","Rcvd Handle Value Notification, Handle: 0x0012","0600010506c6"
"2981","431.171928","(LEGO Mario_g_g)","(Galaxy Note10+)","18","Rcvd Handle Value Notification, Handle: 0x0012","06000106062d"
"2982","432.042328","(LEGO Mario_g_g)","(Galaxy Note10+)","20","Rcvd Handle Value Notification, Handle: 0x0012","0800450303180500"
"2983","432.491945","(LEGO Mario_g_g)","(Galaxy Note10+)","18","Rcvd Handle Value Notification, Handle: 0x0012","060001060632"
"2984","432.581863","(LEGO Mario_g_g)","(Galaxy Note10+)","18","Rcvd Handle Value Notification, Handle: 0x0012","0600010506c5"
"2985","434.711922","(LEGO Mario_g_g)","(Galaxy Note10+)","18","Rcvd Handle Value Notification, Handle: 0x0012","0600010506ca"
"2986","436.091949","(LEGO Mario_g_g)","(Galaxy Note10+)","20","Rcvd Handle Value Notification, Handle: 0x0012","0800450301180000"
"2987","436.093180","(LEGO Mario_g_g)","(Galaxy Note10+)","20","Rcvd Handle Value Notification, Handle: 0x0012","0800450303180000"
"2988","436.242232","(LEGO Mario_g_g)","(Galaxy Note10+)","20","Rcvd Handle Value Notification, Handle: 0x0012","0800450362380000"
"2989","436.813422","(LEGO Mario_g_g)","(Galaxy Note10+)","18","Rcvd Handle Value Notification, Handle: 0x0012","0600010506cc"
"2990","437.802068","(LEGO Mario_g_g)","(Galaxy Note10+)","18","Rcvd Handle Value Notification, Handle: 0x0012","060001060636"
"2991","441.042167","(LEGO Mario_g_g)","(Galaxy Note10+)","18","Rcvd Handle Value Notification, Handle: 0x0012","0600010506cd"
"2992","443.141997","(LEGO Mario_g_g)","(Galaxy Note10+)","18","Rcvd Handle Value Notification, Handle: 0x0012","0600010506ce"
"2993","447.372332","(LEGO Mario_g_g)","(Galaxy Note10+)","18","Rcvd Handle Value Notification, Handle: 0x0012","0600010506d1"
"2994","449.473509","(LEGO Mario_g_g)","(Galaxy Note10+)","18","Rcvd Handle Value Notification, Handle: 0x0012","0600010506d2"
"2995","455.076065","(Galaxy Note10+)","(LEGO Mario_g_g)","18","Sent Write Command, Handle: 0x0012","060001120132"
"2996","455.125086","(Galaxy Note10+)","(LEGO Mario_g_g)","18","Sent Write Command, Handle: 0x0012","060001120132"
"2998","455.443089","(LEGO Mario_g_g)","(Galaxy Note10+)","18","Rcvd Handle Value Notification, Handle: 0x0012","060001060632"
"2999","455.802926","(LEGO Mario_g_g)","(Galaxy Note10+)","18","Rcvd Handle Value Notification, Handle: 0x0012","0600010506d1"
"3000","457.272815","(LEGO Mario_g_g)","(Galaxy Note10+)","18","Rcvd Handle Value Notification, Handle: 0x0012","060001060636"
"3001","457.932762","(LEGO Mario_g_g)","(Galaxy Note10+)","18","Rcvd Handle Value Notification, Handle: 0x0012","0600010506d0"
"3002","458.112593","(LEGO Mario_g_g)","(Galaxy Note10+)","18","Rcvd Handle Value Notification, Handle: 0x0012","060001060632"
"3003","459.252776","(LEGO Mario_g_g)","(Galaxy Note10+)","20","Rcvd Handle Value Notification, Handle: 0x0012","0800450309200200"
"3004","460.033245","(LEGO Mario_g_g)","(Galaxy Note10+)","18","Rcvd Handle Value Notification, Handle: 0x0012","0600010506d1"
"3005","464.262937","(LEGO Mario_g_g)","(Galaxy Note10+)","18","Rcvd Handle Value Notification, Handle: 0x0012","0600010506d2"
